query,cluster
perforation of tympanic membrane,-1
parkinson s disease,0
injury of muscle and tendon at lower leg level,0
prospective memory result,0
disc degeneration,0
granuloma inguinale,0
other follicular disorders,0
hayfever/allergic rhinitis,0
follow-up examination after treatment for malignant neoplasm,0
pregnancy examination and test,0
cervical erosion,0
early syphilis,0
cerebral aneurysm,0
myocarditis,0
irritant contact dermatitis,0
other disorders of muscle,0
malignant neoplasm of oesophagus,0
"other predominantly sexually transmitted diseases, not elsewhere classified",0
giant cell/temporal arteritis,0
"complications of procedures, not elsewhere classified",0
tennis elbow / lateral epicondylitis,0
meniere's disease,0
menopausal symptoms / menopause,0
spinal stenosis,0
listeriosis,0
soft tissue disorders related to use overuse and pressure,0
family relationship satisfaction,0
hearing difficulty/problems: yes,0
comparative height size at age 10,0
pre existing hypertensive disorder with superimposed proteinuria,0
fitting and adjustment of other devices,0
bursitis,0
"enthesopathies of lower limb, excluding foot",0
chest pain felt outside physical activity,0
hypertension,0
fibromyalgia,0
neuroticism score,0
cervical intra-epithelial neoplasia (cin) / precancerous cells cervix,0
risk taking,0
chickenpox,0
hereditary factor viii deficiency,0
whooping cough / pertussis,0
shingles,0
fracture skull / head,0
polycythaemia vera,0
cough,0
other abnormal products of conception,0
unspecified diabetes mellitus,0
interstitial lung disease,0
low platelets/platelet disorder,0
unspecified contact dermatitis,0
age at death,0
inguinal hernia,0
eating disorders,0
anorexia/bulimia/other eating disorder,0
leiomyoma of uterus,0
irregular heart beat,0
sickle cell disorders,0
lung cancer,0
benign lipomatous neoplasm,0
chronic skin ulcers,0
psoriatic arthropathy,0
psoriasis,0
other disorders of penis,0
sleep apnoea,0
other congenital musculoskeletal deformities,0
clotting disorder/excessive bleeding,0
iritis,0
peptic ulcer site unspecified,0
benign neoplasm of other and unspecified sites,0
dry eyes,0
aspergillosis,0
vaginal prolapse/uterine prolapse,0
pneumothorax,0
cushing s syndrome,0
otitis externa,0
vertigo,0
gynaecological disorder (not cancer),0
ovarian cyst or cysts,0
pyloric stenosis,0
parkinsons disease,0
thalassaemia,0
localized adiposity,0
other disorders of circulatory system,0
atopic dermatitis,0
post-natal depression,0
bph / benign prostatic hypertrophy,0
epilepsy,0
neoplasm of uncertain or unknown behaviour of oral cavity and digestive organs,0
neoplasm of uncertain or unknown behaviour of middle ear and respiratory and intrathoracic organs,0
neoplasm of uncertain or unknown behaviour of urinary organs,0
haemorrhoids / piles,0
other arthritis,0
hepatitis b,0
fracture clavicle / collar bone,0
stomatitis and related lesions,0
other disorders of prostate,0
maternal care for other conditions predominantly related to pregnancy,0
other disorders of cartilage,0
abnormal findings on diagnostic imaging of central nervous system,0
failure and rejection of transplanted organs and tissues,0
diseases of capillaries,0
cough on most days,0
other acquired deformities of musculoskeletal system and connective tissue,0
peripheral vascular disease,0
other erythematous conditions,0
cholesteatoma of middle ear,0
multiple valve diseases,0
mental and behavioural disorders due to use of opioids,0
other syphilis,0
"cysts of oral region, not elsewhere classified",0
other bursopathies,0
erosion and ectropion of cervix uteri,0
cystitis,0
gestational [pregnancy-induced] hypertension without significant proteinuria,0
congenital malformations of great veins,0
prolonged pregnancy,0
"other complications of labour and delivery, not elsewhere classified",0
"other disorders of ear, not elsewhere classified",0
diseases of tongue,0
benign neoplasm of breast,0
benign neoplasm of meninges,0
abnormality of aromatic amino acid family metabolism,0
other malignant neoplasms of skin,0
paraplegia and tetraplegia,0
intestinal malabsorption,0
body mass index (bmi),0
herpes simplex,0
somatoform disorders,0
sequelae of injuries of lower limb,0
other non-toxic goitre,0
complications of genitourinary prosthetic devices implants and grafts,0
other benign neoplasms of skin,0
abnormal findings on diagnostic imaging of other body structures,0
"other congenital malformations of tongue, mouth and pharynx",0
other diseases of stomach and duodenum,0
other female pelvic inflammatory diseases,0
labour and delivery complicated by foetal stress [distress],0
varicose veins of lower extremities,0
anaemia due to enzyme disorders,0
vitamin a deficiency,0
nonsuppurative otitis media,0
fracture forearm / wrist,0
parapsoriasis,0
urethritis and urethral syndrome,0
diaphragmatic hernia,0
status epilepticus,0
other inflammatory spondylopathies,0
snoring,0
fracture wrist / colles fracture,0
cystic fibrosis,0
fracture hand,0
ulcerative colitis,0
maximum workload during fitness test,0
fracture lower leg / ankle,0
other congenital malformations of male genital organs,0
congenital malformations of uterus and cervix,0
facial nerve disorders,0
dysmenorrhoea / dysmenorrhea,0
undescended testicle,0
alopecia / hair loss,0
systemic lupus erythematosus,0
otosclerosis,0
erythema multiforme,0
fracture radius,0
thyroid goitre,0
amyloidosis,0
constipation,0
blepharitis / eyelid infection,0
congenital deformities of hip,0
disorders of patella,0
plantar fascitis,0
congenital lens malformations,0
menorrhagia (unknown cause),0
disorders of autonomic nervous system,0
ectopic pregnancy,0
pleurisy,0
hyperthyroidism/thyrotoxicosis,0
miscarriage,0
transient ischaemic attack (tia),0
tuberculosis,0
breast fibroadenoma,0
strongyloidiasis,0
complications peculiar to reattachment and amputation,0
mumps / epidemic parotitis,0
obstructed labour due to malposition and malpresentation of foetus,0
hereditary/genetic haematological disorder,0
acute appendicitis,0
malignant neoplasm of ovary,0
poisoning by narcotics and psychodysleptics [hallucinogens],0
systemic sclerosis,0
hordeolum and chalazion,0
spinal injury,0
mononeuropathies of lower limb,0
acne,0
"ulcer of lower limb, not elsewhere classified",0
acute sinusitis,0
manic episode,0
other hypothyroidism,0
other interstitial pulmonary diseases,0
myasthenia gravis and other myoneural disorders,0
other disorders of pigmentation,0
gestational diabetes only,0
rheumatoid arthritis,0
gestational diabetes,0
neck/shoulder pain for 3+ months,0
leishmaniasis,0
dyspepsia / indigestion,0
obesity,0
fibrosis and cirrhosis of liver,0
injury of blood vessels at shoulder and upper arm level,0
follicular cysts of skin and subcutaneous tissue,0
urticaria,0
"inflammatory disorders of male genital organs, not elsewhere classified",0
disorders of lacrimal system,0
gastric ulcer,0
hemiplegia,0
injury of blood vessels at hip and thigh level,0
maternal care for known or suspected abnormality of pelvic organs,0
donors of organs and tissues,0
pain associated with micturition,0
acquired haemolytic anaemia,0
"other complications of surgical and medical care, not elsewhere classified",0
other anxiety disorders,0
coalworker s pneumoconiosis,0
anuria and oliguria,0
habitual aborter,0
bacterial meningitis,0
ascorbic acid deficiency,0
vitamin b12 deficiency anaemia,0
common variable immunodeficiency,0
coxarthrosis,0
injury of blood vessels at neck level injury  efo 0009886 broad s15 done,0
long labour,0
stomach/abdominal pain for 3+ months,0
other diseases of pancreas,0
flatulence and related conditions,0
rodent ulcer,0
gastro oesophageal reflux disease,0
prolapsed disc/slipped disc,0
diabetic neuropathy/ulcers,0
dementia in alzheimer s disease,0
"other soft tissue disorders, not elsewhere classified",0
gastric/stomach ulcers,0
oesophagitis/barretts oesophagus,0
lymphadenopathy,0
macular degeneration,0
other injuries involving multiple body regions,0
hiv disease resulting in other specified diseases,0
mental and behavioural disorders due to use of hallucinogens,0
mental and behavioural disorders due to use of alcohol,0
personal history of malignant neoplasm,0
maternal care for known or suspected foetal abnormality and damage,0
injury of muscle and tendon at hip and thigh level,0
other congenital malformations of face and neck,0
other abdominal problem,0
other symptoms and signs involving the digestive system and abdomen,0
spine arthritis/spondylitis,0
cholelithiasis/gall stones,0
other arthrosis,0
paralytic strabismus,0
persons encountering health services in other circumstances,0
nasal/sinus disorder,0
chronic sinusitis,0
basal cell carcinoma,0
cervical polyps,0
maximum heart rate during fitness test,0
sunburn,0
nonrheumatic mitral valve disorders,0
hereditary ataxia,0
muscle/soft tissue problem,0
other abnormal uterine and vaginal bleeding,0
disc problem,0
pernicious anaemia,0
malignant neoplasm of bronchus and lung,0
oesophageal disorder,0
insomnia,0
thyrotoxicosis [hyperthyroidism],0
gastro-oesophageal reflux (gord) / gastric reflux,0
perineal laceration during delivery,0
pyothorax,0
pemphigoid,0
calculus of lower urinary tract,0
bladder problem (not cancer),0
acute tubulo-interstitial nephritis,0
other anaemias,0
"dislocation, sprain and strain of joints and ligaments of shoulder girdle",0
wegners granulmatosis,0
rheumatic fever,0
schizophrenia,0
acne/acne vulgaris,0
birth weight,0
follow-up examination after treatment for conditions other than malignant neoplasms,0
other peripheral vascular diseases,0
thyroid radioablation therapy,0
hepatitis c,0
nervous breakdown,0
anal fissure,0
adrenocortical insufficiency/addison's disease,0
cranial nerve problem/palsy,0
breast disease (not cancer),0
peripheral nerve disorder,0
small kidney of unknown cause,0
muscle or soft tissue injuries,0
oesophageal stricture,0
other disorders of lens,0
open wound of head,0
neck problem/injury,0
dementia/alzheimers/cognitive impairment,0
"malignant neoplasm of kidney, except renal pelvis",0
oesophagitis,0
carrier of infectious disease,0
soft tissue inflammation,0
other congenital malformations of heart,0
ovarian dysfunction,0
scleroderma/systemic sclerosis,0
otalgia and effusion of ear,0
abnormal smear (cervix),0
current tobacco smoking,0
other disorders of urinary system,0
problems related to life management difficulty,0
spondylopathies in diseases classified elsewhere,0
other acquired deformities of limbs,0
fibrocystic disease,0
whole body water mass,0
seborrhoeic keratosis,0
other intervertebral disk disorders,0
peptic ulcer,0
malignant neoplasm of other and unspecified parts of tongue,0
sequelae of other effects of external causes,0
ascites,0
fever of unknown origin,0
other disorders of gingiva and edentulous alveolar ridge,0
nervous feelings,0
respiratory infection,0
retinal problem,0
obsessive compulsive disorder (ocd),0
fracture tibia,0
dysphagia,0
eccrine sweat disorders,0
leg pain on walking,0
heartburn,0
acute pancreatitis,0
benign / essential tremor,0
number of spontaneous miscarriages,0
number of live births,0
exposure to tobacco smoke at home,0
meningococcal infection,0
"tubulo-interstitial nephritis, not specified as acute or chronic",0
benign neoplasm of middle ear and respiratory system,0
dizziness and giddiness,0
other rheumatic heart diseases,0
breast cancer,0
diabetic eye disease,0
hereditary and idiopathic neuropathy,0
other renal/kidney problem,0
shoulder lesions,0
maternal care for known or suspected disproportion,0
hiv/aids,0
dermatitis due to substances taken internally,0
fracture patella / knee,0
pneumonia,0
neoplasm of uncertain or unknown behaviour of endocrine glands,0
atrioventricular and left bundle-branch block,0
fracture shoulder / scapula,0
food intolerance,0
lichen planus,0
lymphoedema,0
rapidly progressive nephritic syndrome,0
alopecia areata,0
disorders of male genital organs in diseases classified elsewhere,0
joint disorder,0
fracture neck of femur / hip,0
fracture jaw,0
other diseases of inner ear,0
abnormal findings in cerebrospinal fluid,0
crushing injury of shoulder and upper arm,0
cachexia,0
hiv disease resulting in infectious and parasitic diseases,0
unspecified arthropod borne viral fever,0
chronic ischaemic heart disease,0
benign mammary dysplasia,0
congenital malformations of oesophagus,0
syndactyly,0
encephalitis myelitis and encephalomyelitis,0
atrial fibrillation and flutter,0
unspecified contracted kidney,0
sequelae of cerebrovascular disease,0
unspecified urinary incontinence,0
supervision of normal pregnancy,0
hookworm diseases,0
polyarthrosis,0
thiamine deficiency,0
female infertility,0
sleep disorders,0
hyperfunction of pituitary gland,0
meningitis due to other causes,0
open wounds involving multiple body regions,0
hip circumference,0
venous thromboembolic disease,0
congenital malformations of larynx,0
prophylactic surgery,0
other orthopaedic follow up care,0
pulmonary fibrosis,0
umbilical hernia,0
family history of malignant neoplasm,0
nonrheumatic aortic valve disorders,0
mental and behavioural disorders due to use of tobacco,0
depression,0
mania/bipolar disorder/manic depression,0
arthrosis of first carpometacarpal joint,0
brain cancer / primary malignant brain tumour,0
sequelae of injuries of head,0
other rheumatoid arthritis,0
diseases of pulp and periapical tissues,0
standing height,0
injury of intra abdominal organs,0
other diseases of jaws,0
other spirochaetal infections,0
crushing injury of head,0
disseminated intravascular coagulation,0
seropositive rheumatoid arthritis,0
other infestations,0
depressive episode,0
pemphigus,0
phlebitis and thrombophlebitis,0
unspecified renal colic,0
disorders of lacrimal system and orbit in diseases classified elsewhere,0
spontaneous abortion,0
viral meningitis,0
peritonitis,0
injury of nerves at hip and thigh level,0
acute hepatitis a,0
renal failure requiring dialysis,0
allergic contact dermatitis,0
ventral hernia,0
gestational hypertension with significant proteinuria,0
hypoparathyroidism,0
hyperaldosteronism,0
unspecified acute lower respiratory infection,0
pruritus,0
unspecified haematuria,0
recurrent depressive disorder,0
dorsalgia,0
disorders of globe,0
other rickettsioses,0
endocarditis valve unspecified,0
unspecified maternal hypertension,0
alzheimer s disease,0
family history of other conditions,0
other endocrine disorders,0
sequelae of injuries of neck and trunk,0
other diseases of liver,0
primary disorders of muscles,0
pervasive developmental disorders,0
dislocations sprains and strains involving multiple body regions,0
other cerebrovascular diseases,0
congenital malformations of gallbladder bile ducts and liver,0
excessive vomiting in pregnancy,0
heart arrhythmia,0
functional disorders of polymorphonuclear neutrophils,0
phobic anxiety disorders,0
seborrhoeic dermatitis,0
unspecified human immunodeficiency virus,0
rosacea,0
osteochondrodysplasia with defects of growth of tubular bones and spine,0
sequelae of burns corrosions and frostbite,0
glycosuria,0
which eye(s) are affected by cataract: right eye,0
pulse wave arterial stiffness index,0
parathyroid hyperplasia/adenoma,0
burns classified according to extent of body surface involved,0
burn and corrosion of ankle and foot,0
other congenital malformations of upper alimentary tract,0
injury of heart,0
superficial injury of abdomen lower back and pelvis,0
ureteric obstruction/hydronephrosis,0
oesophageal varices,0
open wound of hip and thigh,0
congenital deformities of feet,0
kidney stone/ureter stone/bladder stone,0
eye/eyelid problem,0
general pain for 3+ months,0
length of menstrual cycle,0
liver failure/cirrhosis,0
fracture of lower limb level unspecified,0
abnormalities of breathing,0
personality disorder,0
hearing difficulty/problems with background noise,0
spontaneous pneumothorax/recurrent pneumothorax,0
other disorders of cornea,0
other disorders of eye and adnexa in diseases classified elsewhere,0
contraceptive management,0
other special examinations and investigations of persons without complaint or reported diagnosis,0
osteoporosis without pathological fracture,0
age at first live birth,0
number of full sisters,0
"dislocation, sprain and strain of joints and ligaments at neck level",0
hand grip strength (right),0
hand grip strength (left),0
exposure to tobacco smoke outside home,0
hair/balding pattern: pattern 2,0
relative age voice broke,0
septicaemia / sepsis,0
hypothyroidism/myxoedema,0
myositis/myopathy,0
gastroenteritis/dysentry,0
congenital malformations of posterior segment of eye,0
copd (chronic obstructive pulmonary disease),0
other venous embolism and thrombosis,0
non insulin dependent diabetes mellitus,0
polyhydramnios,0
cardiac arrest,0
other septicaemia,0
arterial embolism and thrombosis,0
squamous cell carcinoma,0
chest pain or discomfort,0
faecal incontinence,0
ever manic/hyper for 2 days,0
which eye(s) are affected by cataract: left eye,0
whole body fat mass,0
lung cancer (not mesothelioma),0
bronchiectasis,0
asthma,0
body fat percentage,0
age at last live birth,0
weight,0
ever highly irritable/argumentative for 2 days,0
injury of nerves at lower leg level,0
rectal cancer,0
colon cancer/sigmoid cancer,0
stomach cancer,0
oesophageal cancer,0
eye and/or adnexal cancer,0
superficial injury of head,0
need for immunization against other single viral diseases,0
need for immunization against certain single viral diseases,0
fistulae involving female genital tract,0
multiple gestation,0
diabetes,0
skin cancer,0
postpartum haemorrhage,0
disturbances of skin sensation,0
need for immunization against other single infectious diseases,0
need for immunization against combinations of infectious diseases,0
renal tubulo interstitial disorders in diseases classified elsewhere,0
other mosquito borne viral fevers,0
cutaneous abscess furuncle and carbuncle,0
other congenital malformations of ear,0
had menopause,0
abnormality of movement,0
"dislocation, sprain and strain of joints and ligaments at ankle and foot level",0
abnormal results of function studies,0
osteoporosis with pathological fracture,0
eclampsia,0
internal derangement of knee,0
deep venous thrombosis (dvt),0
uremia,0
retained placenta and membranes without haemorrhage,0
urinary frequency / incontinence,0
calcification and ossification of muscle,0
niacin deficiency,0
unspecified appendicitis,0
chronic myeloid,0
staphylococcal scalded skin syndrome,0
impetigo,0
fracture of femur,0
retinal vascular occlusions,0
neoplasm of uncertain or unknown behaviour of female genital organs,0
subarachnoid haemorrhage,0
respiratory disorders in diseases classified elsewhere,0
other acute ischaemic heart diseases,0
"other disorders of skin and subcutaneous tissue, not elsewhere classified",0
pyogenic arthritis,0
schistosomiasis,0
pneumoconiosis due to other inorganic dusts,0
corns and callosities,0
acute pericarditis,0
thyroiditis,0
acute and transient psychotic disorders,0
"mental disorder, not otherwise specified",0
"other joint disorders, not elsewhere classified",0
disorders of vitreous body,0
other necrotising vasculopathies,0
elevated blood glucose level,0
"sexual dysfunction, not caused by organic disorder or disease",0
bipolar affective disorder,0
other retinal disorders,0
superficial injury of thorax,0
benign neoplasm of thyroid gland,0
purpura and other haemorrhagic conditions,0
malignant melanoma of skin,0
malignant neoplasm of pancreas,0
testicular cancer,0
malignant neoplasm of larynx,0
malignant neoplasm of corpus uteri,0
"pneumonia, organism unspecified",0
postinfective and reactive arthropathies in diseases classified elsewhere,0
tonsiltis,0
follicular [nodular] non-hodgkin's lymphoma,0
infectious mononucleosis,0
pityriasis rosea,0
multiple myeloma and malignant plasma cell neoplasms,0
"reaction to severe stress, and adjustment disorders",0
other local infections of skin and subcutaneous tissue,0
peritonsillar abscess,0
follow-up care involving plastic surgery,0
secondary and unspecified malignant neoplasm of lymph nodes,0
malignant neoplasm of tonsil,0
other disorders of thyroid,0
pneumonia due to streptococcus pneumoniae,0
vitamin d deficiency,0
disorders of eyelid in diseases classified elsewhere,0
pulmonary embolism,0
pulmonary embolism +/- dvt,0
mosquito borne viral encephalitis,0
alcohol intake frequency.,0
disorders of vestibular function,0
acute and subacute endocarditis,0
psoriatic and enteropathic arthropathies,0
gonarthrosis,0
other non-infective gastro-enteritis and colitis,0
other disorders of arteries and arterioles,0
other diseases of anus and rectum,0
other conduction disorders,0
other disorders of eyelid,0
other diseases of digestive system,0
"postprocedural disorders of digestive system, not elsewhere classified",0
waist circumference,0
hiv disease resulting in malignant neoplasms,0
disorders of conjunctiva in diseases classified elsewhere,0
"poisoning by nonopioid analgesics, antipyretics and antirheumatics",0
"postprocedural disorders of eye and adnexa, not elsewhere classified",0
plasmodium vivax malaria,0
dysplasia of cervix uteri,0
"bacterial pneumonia, not elsewhere classified",0
polyp of female genital tract,0
hyperparathyroidism and other disorders of parathyroid gland,0
juvenile osteochondrosis of hip and pelvis,0
synovitis and tenosynovitis,0
carcinoma in situ of breast,0
mesothelioma,0
benign neoplasm of brain and other parts of central nervous system,0
nasal polyp,0
gender identity disorders,0
benign neoplasm of ovary,0
carcinoma in situ of skin,0
benign neoplasm of other and unspecified female genital organs,0
nonrheumatic tricuspid valve disorders,0
malignant neoplasm of breast,0
"heel bone mineral density (bmd) t-score, automated (left)",0
other symptoms and signs involving the urinary system,0
other symptoms and signs involving the nervous and musculoskeletal systems,0
acanthosis nigricans,0
myeloid leukaemia,0
crushing injuries involving multiple body regions,0
rheumatic fever without mention of heart involvement,0
basal metabolic rate,0
attention to artificial openings,0
irritable bowel syndrome,0
taeniasis,0
femoral hernia,0
scarlet fever,0
glaucoma,0
spina bifida,0
postpartum care and examination,0
diabetes mellitus in pregnancy,0
effects of air pressure and water pressure,0
antenatal screening,0
"certain early complications of trauma, not elsewhere classified",0
procedures for purposes other than remedying health state,0
viral conjunctivitis,0
malignant neoplasm of cervix uteri,0
angina pectoris,0
malignant neoplasm of stomach,0
fluid intelligence score,0
allergy or anaphylactic reaction to food,0
schizoaffective disorders,0
multiple myeloma,0
anogenital herpesviral infection,0
cholelithiasis,0
"pulse rate, automated reading",0
subdural haemorrhage/haematoma,0
cleft palate,0
varicella,0
other diseases of oesophagus,0
cryptococcosis,0
histoplasmosis,0
other inflammation of eyelid,0
osteoporosis in diseases classified elsewhere,0
keratitis,0
leptospirosis,0
acute poliomyelitis,0
suppurative and unspecified otitis media,0
isolated proteinuria,0
osteonecrosis,0
toxoplasmosis,0
enduring personality changes not attributable to brain damage and disease,0
hydrocephalus,0
echinococcosis,0
gout,0
cholecystitis,0
"convulsions, not elsewhere classified",0
malignant neoplasm of rectum,0
stroke not specified as haemorrhage or infarction,0
"somnolence, stupor and coma",0
foreign body in respiratory tract,0
injury of unspecified body region,0
injury of muscle and tendon at wrist and hand level,0
fracture of neck,0
open wound of wrist and hand,0
other and unspecified injuries of wrist and hand,0
traumatic amputation of wrist and hand,0
"other and unspecified injuries of abdomen, lower back and pelvis",0
superficial injury of lower leg,0
injury of muscle and tendon at shoulder and upper arm level,0
crushing injury of wrist and hand,0
congenital malformations of ear causing impairment of hearing,0
intracranial injury,0
marasmus,0
headaches for 3+ months,0
"open wound of abdomen, lower back and pelvis",0
other general symptoms and signs,0
"oedema, not elsewhere classified",0
voice disturbances,0
tongue cancer,0
other and specified injuries of hip and thigh,0
malaise and fatigue,0
chronic viral hepatitis,0
chronic lymphocytic,0
personal history of other diseases and conditions,0
diarrhoea and gastro-enteritis of presumed infectious origin,0
unspecified viral infection of cns,0
sequelae of toxic effects of substances chiefly nonmedicinal as to source,0
intracerebral haemorrhage,0
acute lymphadenitis,0
varicose veins of other sites,0
malignant neoplasm of anus and anal canal,0
alcoholic liver disease,0
iron deficiency anaemia,0
syncope and collapse,0
senility,0
"speech disturbances, not elsewhere classified",0
cervical cancer,0
ovarian cancer,0
other symptoms and signs involving cognitive functions and awareness,0
bladder cancer,0
prostate cancer,0
abnormal findings on diagnostic imaging of lung,0
injury of nerves at wrist and hand level,0
superficial injuries involving multiple body regions,0
other disorders of eustachian tube,0
meningitis,0
respiratory tuberculosis not confimed,0
mental and behavioural disorders due to use of cocaine,0
mental and behavioural disorders due to use of cannabinoids,0
persistent mood,0
other respiratory problems,0
other mood,0
toxic effect of other gases fumes and vapours,0
fracture toe,0
sitting height,0
bring up phlegm/sputum/mucus on most days,0
mycetoma,0
toxic effect of soaps and detergents,0
"persons encountering health services for other counselling and medical advice, not elsewhere classified",0
immunodeficiency with predominantly antibody defects,0
headaches (not migraine),0
other congenital malformations of intestine,0
vasculitis,0
disorders of continuity of bone,0
anxiety/panic attacks,0
respiratory tuberculosis confimed,0
cataract,0
other cataract,0
cervicitis,0
fractures involving multiple body regions,0
pulse rate,0
fracture of skull and facial bones,0
bone disorder,0
hypertensive renal disease,0
chlamydia psittaci infection,0
convalescence,0
leg pain when standing still or sitting,0
special screening examination for other diseases and disorders,0
other postsurgical states,0
complications of other internal prosthetic devices implants and grafts,0
foreign body in alimentary tract,0
complications of internal orthopaedic prosthetic devices implants and grafts,0
bowel / intestinal obstruction,0
other injuries of upper limb level unspecified,0
other injuries of lower limb level unspecified,0
plasmodium falciparum malaria,0
malaria,0
insulin dependent diabetes mellitus,0
renal/kidney failure,0
abnormal leukocyte morphology,0
other dermatitis,0
"other noninflammatory disorders of uterus, except cervix",0
other surgical follow-up care,0
duodenal ulcer,0
other disorders of synovium and tendon,0
myiasis,0
optic neuritis,0
"postprocedural disorders of genito-urinary system, not elsewhere classified",0
placenta praevia,0
ascariasis,0
"excessive, frequent and irregular menstruation",0
other noninflammatory disorders of vulva and perineum,0
other noninflammatory disorders of vagina,0
other noninflammatory disorders of cervix uteri,0
actinomycosis,0
paget s disease of bone,0
hypotension,0
fitting and adjustment of external prosthetic device,0
shigellosis,0
other disorders of teeth and supporting structures,0
other vitamin deficiencies,0
other disorders of bone,0
symptoms and signs concerning food and fluid intake,0
unknown and unspecified causes of morbidity,0
other abnormal immunological findings in serum,0
special screening examination for infectious and parasitic diseases,0
examination and observation for other reasons,0
medical observation and evaluation for suspected diseases and conditions,0
false labour,0
"antepartum haemorrhage, not elsewhere classified",0
other disorders of amniotic fluid and membranes,0
adjustment and management of implanted device,0
other deforming dorsopathies,0
maternal care for other known or suspected foetal problems,0
special screening examination for neoplasms,0
malignant neoplasm of liver and intrahepatic bile ducts,0
other medical care,0
malignant neoplasm of bladder,0
malignant neoplasm of eye and adnexa,0
pain in throat and chest,0
other symptoms and signs involving the circulatory and respiratory systems,0
malignant neoplasm of thyroid gland,0
"adverse effects, not elsewhere classified",0
rash and other nonspecific skin eruption,0
other abnormal findings of blood chemistry,0
haemorrhage in early pregnancy,0
pituitary adenoma/tumour,0
acquired absence of limb,0
abnormality of red blood cells,0
number of stillbirths,0
bronchitis,0
target heart rate achieved,0
fracture vertebra / crush fracture / vertebral collapse,0
diffuse non-hodgkin's lymphoma,0
small intestine/small bowel cancer,0
mean time to correctly identify matches,0
large bowel cancer/colorectal cancer,0
longest period of depression,0
leg pain in calf/calves,0
facial pains for 3+ months,0
uterine/endometrial cancer,0
liver/hepatocellular cancer,0
tuberculosis (tb),0
other chronic obstructive pulmonary disease,0
cancer diagnosed by doctor,0
diabetes diagnosed by doctor,0
chest pain felt during physical activity,0
"forced expiratory volume in 1-second (fev1), best measure",0
emphysema/chronic bronchitis,0
allergy/hypersensitivity/anaphylaxis,0
neutropenia/lymphopenia,0
ever depressed for a whole week,0
hypoglycemic coma,0
other nutritional deficiencies,0
other helminthiases,0
anaemia,0
brain haemorrhage,0
diverticular disease of intestine,0
premature separation of placenta,0
retention of urine,0
polio / poliomyelitis,0
"forced vital capacity (fvc), best measure",0
adult osteomalacia,0
grave's disease,0
erectile dysfunction / impotence,0
prostatitis,0
varicose veins,0
visual disturbances,0
haemorrhage from respiratory passages,0
non-melanoma skin cancer,0
"loneliness, isolation",0
larynx/throat cancer,0
trigemminal neuralgia,0
forced vital capacity (fvc),0
age completed full time education,0
eczema/dermatitis,0
severity of manic/irritable episodes,0
miserableness,0
surgery on leg arteries (other than for varicose veins),0
sarcoma/fibrosarcoma,0
rheumatic aortic valve diseases,0
allergy to house dust mite,0
rheumatic mitral valve diseases,0
foreign body in ear,0
other fluke infections,0
allergy or anaphylactic reaction to drug,0
toxic effect of pesticides,0
fibrosing alveolitis/unspecified alveolitis,0
disorders of mineral metabolism,0
care involving use of rehabilitation procedures,0
intrauterine hypoxia,0
routine general health check up of defined subpopulation,0
other obstetric trauma,0
hepatic failure,0
abnormalities of forces of labour,0
injury of blood vessels at abdomen lower back and pelvis level,0
disorders of sclera and cornea in diseases classified elsewhere,0
zoster,0
ear/vestibular disorder,0
comparative body size at age 10,0
ever unenthusiastic/disinterested for a whole week,0
shortness of breath walking on level ground,0
cochlear implant,0
general examination and investigation of persons without complaint or reported diagnosis,0
falls in the last year,0
glomerular disorders in diseases classified elsewhere,0
number of full brothers,0
father's age at death,0
mother's age at death,0
appendicitis,0
worry too long after embarrassment,0
tense / 'highly strung',0
fracture upper arm / humerus / elbow,0
chronic/degenerative neurological problem,0
renal failure not requiring dialysis,0
past tobacco smoking,0
hair/balding pattern: pattern 3,0
years of cough on most days,0
dyspepsia,0
number of self-reported cancers,0
fracture of shoulder and upper arm,0
cervical disc disorders,0
embedded and impacted teeth,0
pyoderma gangrenosum,0
subclinical iodine deficiency hypothyroidism,0
back pain,0
disorders of vitreous body and globe in diseases classified elsewhere,0
polyarteritis nodosa and related conditions,0
knee pain for 3+ months,0
chest pain due to walking ceases when standing still,0
subsequent myocardial infarction,0
other ill defined and unspecified causes of mortality,0
other spondylopathies,0
crohn s disease,0
congenital malformations of great arteries,0
multiple sclerosis,0
ankylosing spondylitis,0
atherosclerosis,0
cleft lip,0
androgenic alopecia,0
hypospadias,0
conduct disorders,0
nephritis,0
alcohol dependency,0
polymyalgia rheumatica,0
premature rupture of membranes,0
systemic lupus erythematosis/sle,0
guilty feelings,0
overall health rating,0
fracture face / orbit / eye socket,0
fracture of lumbar spine and pelvis,0
other functional intestinal disorders,0
other disorders of nose and nasal sinuses,0
other disorders of peripheral nervous system,0
hypopituitarism,0
dermatopolymyositis,0
incisional hernia,0
lack of food,0
abnormalities of heart beat,0
nasal polyps,0
connective tissue disorder,0
acute hepatitis b,0
complications and ill defined descriptions of heart disease,0
osteopathies in diseases classified elsewhere,0
infections of genitourinary tract in pregnancy,0
other extrapyramidal and movement disorders,0
sjogren's syndrome/sicca syndrome,0
inflammatory diseases of prostate,0
acute myocardial infarction,0
cellulitis,0
other specified diabetes mellitus,0
unspecified nephritic syndrome,0
measles / morbillivirus,0
essential primary hypertension,0
congenital malformations of eyelid lacrimal apparatus and orbit,0
acute nephritic syndrome,0
cicatricial alopecia,0
hypertrichosis,0
other disorders of nervous system,0
rubella / german measles,0
polyuria,0
lichen sclerosis,0
nausea and vomiting,0
dupuytren's contracture,0
erythema nodosum,0
carpal tunnel syndrome,0
adrenogenital disorders,0
arthritis (nos),0
joint pain,0
huntington s disease,0
spotted fever,0
fracture ulna,0
apocrine sweat disorders,0
exfoliative dermatitis,0
sarcoidosis,0
hypertrophic cardiomyopathy (hcm / hocm),0
myositis,0
cytomegaloviral disease,0
endometriosis,0
other strabismus,0
acute infective polyneuritis/guillain-barre syndrome,0
male infertility,0
calculus of kidney and ureter,0
cardiomyopathy,0
spontaneous rupture of synovium and tendon,0
enterobiasis,0
"other dorsopathies, not elsewhere classified",0
turner s syndrome,0
bell's palsy/facial nerve palsy,0
lactose intolerance,0
hereditary factor ix deficiency,0
unspecified abortion,0
congenital malformations of cardiac chambers and connections,0
conjunctivitis,0
yaws,0
gangrene,0
secondary parkinsonism,0
unspecified jaundice,0
other disorders of veins,0
disorders of orbit,0
neoplasm of uncertain or unknown behaviour of other and unspecified sites,0
"other neoplasms of uncertain or unknown behaviour of lymphoid, haematopoietic and related tissue",0
other disorders of eye and adnexa,0
"respiratory failure, not elsewhere classified",0
acute pharyngitis,0
acute tonsillitis,0
"other disorders involving the immune mechanism, not elsewhere classified",0
acute upper respiratory infections of multiple and unspecified sites,0
"chronic rhinitis, nasopharyngitis and pharyngitis",0
benign neoplasm of mouth and pharynx,0
transient cerebral ischaemic attacks and related syndromes,0
open wound of ankle and foot,0
hodgkin's disease,0
other and unspecified injuries of lower leg,0
"fracture of lower leg, including ankle",0
hyperplasia of prostate,0
open wound of lower leg,0
other skin changes,0
"other disorders of fluid, electrolyte and acid-base balance",0
medical abortion,0
"fracture of foot, except ankle",0
decubitus ulcer,0
encephalitis,0
cerebral palsy,0
peripheral neuropathy,0
"postprocedural musculoskeletal disorders, not elsewhere classified",0
injury of eye and orbit,0
inflammatory disorders of breast,0
other and unspecified injuries of head,0
fracture of forearm,0
other disorders of urethra,0
other diseases of spinal cord,0
other inflammation of vagina and vulva,0
"poisoning by antiepileptic, sedative-hypnotic and anti-parkinsonism drugs",0
malignant neoplasm of prostate,0
malignant neoplasm of testis,0
malignant neoplasm of brain,0
"poisoning by diuretics and other and unspecified drugs, medicaments and biological substances",0
"poisoning by psychotropic drugs, not elsewhere classified",0
salpingitis and oophoritis,0
candidiasis,0
lichen simplex chronicus and prurigo,0
labour and delivery complicated by umbilical cord complications,0
superficial injury of wrist and hand,0
open wound of forearm,0
fed-up feelings,0
gastritis and duodenitis,0
problems related to physical environment,0
pre existing hypertension complicating pregnancy childbirth and the puerperium,0
scarlet fever / scarlatina,0
sequelae of injuries involving multiple and unspecified body regions,0
other injuries of spine and trunk level unspecified,0
hypertrophic disorders of skin,0
sequelae of inflammatory diseases of cns,0
pulse wave reflection index,0
sensitivity / hurt feelings,0
preterm delivery,0
unspecified viral hepatitis,0
other congenital malformations of circulatory system,0
other congenital malformations of skin,0
congenital malformations of lung,0
fracture pelvis,0
fracture rib,0
fracture thumb,0
other congenital malformations of peripheral vascular system,0
neonatal jaundice from other causes,0
other epidermal thickening,0
injury of nerves at forearm level,0
other systemic involvement of connective tissue,0
"fracture of rib(s), sternum and thoracic spine",0
malignant neoplasm of colon,0
recurrent and persistent haematuria,0
"haemangioma and lymphangioma, any site",0
single delivery by caesarean section,0
other hearing loss,0
single spontaneous delivery,0
"other disorders of kidney and ureter, not elsewhere classified",0
lymphoid leukaemia,0
meningioma / benign meningeal tumour,0
other respiratory disorders,0
melanocytic naevi,0
other benign neoplasms of connective and other soft tissue,0
"benign neoplasm of colon, rectum, anus and anal canal",0
benign neoplasm of bone and articular cartilage,0
other nontraumatic intracranial haemorrhage,0
benign neoplasm of other and ill-defined parts of digestive system,0
cerebral infarction,0
miliary tuberculosis,0
other specific joint derangements,0
aortic aneurysm and dissection,0
diverticular disease/diverticulitis,0
hiv disease resulting in other conditions,0
abnormalities of gait and mobility,0
other and unspecified types of non-hodgkin's lymphoma,0
disturbances of smell and taste,0
number of treatments/medications taken,0
townsend deprivation index at recruitment,0
number of incorrect matches in round,0
nap during day,0
frostbite involving multiple body regions and unspecified frostbite,0
fracture fibula,0
other disorders of adrenal gland,0
iridocyclitis,0
number of children fathered,0
hearing difficulty/problems: i am completely deaf,0
"diseases of vocal cords and larynx, not elsewhere classified",0
suffer from 'nerves',0
"seen doctor (gp) for nerves, anxiety, tension or depression",0
viral and other specified intestinal infections,0
malignant neoplasm of other connective and soft tissue,0
benign neoplasm of other and unspecified endocrine glands,0
other mononeuropathies,0
other bacterial intestinal infections,0
number of self-reported non-cancer illnesses,0
other aplastic anaemias,0
"number of operations, self-reported",0
ever had hysterectomy (womb removed),0
hearing aid user,0
carcinoma in situ of cervix uteri,0
handedness (chirality/laterality): left-handed,0
friendships satisfaction,0
infective/viral hepatitis,0
hiatus hernia,0
bilateral oophorectomy (both ovaries removed),0
length of longest manic/irritable episode,0
headache,0
tendonitis / tendinitis / tenosynovitis,0
able to walk or cycle unaided for 10 minutes,0
peak expiratory flow (pef),0
tuberculosis of other organs,0
back pain for 3+ months,0
multiple delivery,0
other assisted single delivery,0
fracture at wrist and hand level,0
birth weight of first child,0
worrier / anxious feelings,0
other non-infective disorders of lymphatic vessels and lymph nodes,0
getting up in morning,0
benign neoplasm of urinary organs,0
female genital prolapse,0
other disorders of binocular movement,0
atypical virus infections of cns,0
other disorders of peritoneum,0
mental and behavioural disorders due to use of sedatives or hypnotics,0
other headache syndromes,0
other disorders of middle ear and mastoid,0
effects of heat and light,0
other injuries of shoulder and upper arm,0
conductive and sensorineural hearing loss,0
other specific arthropathies,0
other abnormal findings in urine,0
urethral stricture,0
unspecified abdominal hernia,0
other congenital malformations of digestive system,0
"bronchitis, not specified as acute or chronic",0
"neuromuscular dysfunction of bladder, not elsewhere classified",0
other diseases of gallbladder,0
mixed and other personality disorders,0
kidney/renal cell cancer,0
other disorders of brain,0
hip pain for 3+ months,0
dentofacial anomalies,0
other demyelinating diseases of central nervous system,0
age of primiparous women at birth of child,0
other disorders of pancreatic internal secretion,0
other diseases of blood and blood-forming organs,0
secondary malignant neoplasm of respiratory and digestive organs,0
frequency of depressed mood in last 2 weeks,0
secondary malignant neoplasm of other sites,0
malignant neoplasm without specification of site,0
other polyneuropathies,0
complications of cardiac and vascular prosthetic devices implants and grafts,0
other diseases of upper respiratory tract,0
unspecified dementia,0
heart attack/myocardial infarction,0
acquired pure red cell aplasia,0
chorioretinitis,0
abnormality of glycosaminoglycan metabolism,0
disorders of refraction and accommodation,0
congenital malformations of nose,0
cleft palate with cleft lip,0
frequency of tiredness / lethargy in last 2 weeks,0
handedness (chirality/laterality): use both right and left hands equally,0
tick borne viral encephalitis,0
"dislocation, sprain and strain of joints and ligaments at wrist and hand level",0
hydrocele and spermatocele,0
psychological/psychiatric problem,0
"ever had stillbirth, spontaneous miscarriage or termination",0
amoebiasis,0
migraine,0
dental caries,0
hyperhidrosis,0
uterine polyps,0
tinnitus severity/nuisance,0
chest pain or discomfort walking normally,0
daytime dozing / sleeping (narcolepsy),0
nail disorders,0
tinnitus / tiniitis,0
"occlusion and stenosis of precerebral arteries, not resulting in cerebral infarction",0
aortic regurgitation / incompetence,0
paralytic ileus and intestinal obstruction without hernia,0
"heel bone mineral density (bmd) t-score, automated",0
"heel bone mineral density (bmd) t-score, automated (right)",0
orchitis and epididymitis,0
spinal cord disorder,0
mitral regurgitation / incompetence,0
cin/pre-cancer cells cervix,0
menopausal and other perimenopausal disorders,0
stress,0
volume depletion,0
other disorders of breast,0
svt / supraventricular tachycardia,0
other enthesopathies,0
problems related to social environment,0
other diseases of lip and oral mucosa,0
complications of anaesthesia during the puerperium,0
heart valve problem/heart murmur,0
pancreatitis,0
gastrointestinal bleeding,0
stomach disorder,0
non-infective hepatitis,0
"other maternal diseases classifiable elsewhere but complicating pregnancy, childbirth and the puerperium",0
parathyroid gland problem (not cancer),0
"localised swelling, mass and lump of skin and subcutaneous tissue",0
acquired deformities of fingers and toes,0
cervical spondylosis,0
abdominal and pelvic pain,0
polycystic kidney,0
rectal or colon adenoma/polyps,0
frequency of unenthusiasm / disinterest in last 2 weeks,0
heart failure,0
high cholesterol,0
crohns disease,0
bipolar disorder status,0
pain and other conditions associated with female genital organs and menstrual cycle,0
disorders of trigeminal nerve,0
fracture metatarsal,0
"diastolic blood pressure, automated reading",0
forced expiratory volume in 1-second (fev1),0
chronic fatigue syndrome,0
other diseases of pericardium,0
chest pain or discomfort when walking uphill or hurrying,0
hair/balding pattern: pattern 4,0
other disorders of external ear,0
number of depression episodes,0
pericardial problem,0
fracture shaft of femur,0
fissure and fistula of anal and rectal regions,0
other inflammatory liver diseases,0
other diseases of appendix,0
health satisfaction,0
colitis/not crohns or ulcerative colitis,0
malabsorption/coeliac disease,0
post-traumatic stress disorder,0
viral infection of unspecified site,0
fracture resulting from simple fall,0
osteoarthritis,0
myelodysplastic syndromes,0
longest period of unenthusiasm / disinterest,0
potassium in urine,0
gingivitis and periodontal diseases,0
fracture nose,0
creatinine (enzymatic) in urine,0
single delivery by forceps and vacuum extractor,0
peripheral nerve injury,0
abnormal findings in specimens from female genital organs,0
congenital malformations of anterior segment of eye,0
ever used hormone-replacement therapy (hrt),0
"systolic blood pressure, automated reading",0
financial situation satisfaction,0
pace-maker,0
rectal prolapse,0
work/job satisfaction,0
happiness,0
other obstructed labour,0
congenital obstructive defects of renal pelvis and congenital malformations of ureter,0
pain,0
head injury,0
"persons encountering health services for specifie procedures, not carried out",0
transplanted organ and tissue status,0
traumatic amputations involving multiple body regions,0
primary bone cancer,0
sleeplessness / insomnia,0
cascot confidence score,0
irritability,0
age when periods started (menarche),0
eye trauma,0
hodgkins lymphoma / hodgkins disease,0
trapped nerve/compressed nerve,0
cancer of lip/mouth/pharynx/oral cavity,0
leukaemia,0
neurological injury/trauma,0
back problem,0
emphysema,0
chronic bronchitis,0
idiopathic pulmonary fibrosis,0
testicular problems (not cancer),0
hayfever or allergic rhinitis,0
prostate problem (not cancer),0
other degenerative diseases of basal ganglia,0
leg claudication/ intermittent claudication,0
other diseases of biliary tract,0
noninflammatory disorders of ovary fallopian tube and broad ligament,0
fracture of upper limb level unspecified,0
mononeuropathies of upper limb,0
obstructive and reflux uropathy,0
thyroid cancer,0
"malignant lymph node, unspecified",0
essential hypertension,0
diseases of bartholin s gland,0
fracture foot,0
stroke,0
enlarged prostate,0
blistering/desquamating skin disorder,0
pulmonary valve disorders,0
burns,0
throat or larynx disorder,0
vocal cord polyp,0
polyneuropathy in diseases classified elsewhere,0
chronic obstructive airways disease/copd,0
sleep duration,0
whole body fat-free mass,0
sodium in urine,0
morning/evening person (chronotype),0
other disorders of circulatory system in diseases classified elsewhere,0
breast cysts,0
osteoporosis,0
deliberate self-harm/suicide attempt,0
retinal artery/vein occlusion,0
retinal detachment,0
helicobacter pylori,0
eye infection,0
reduction defects of lower limb,0
congenital hydrocephalus,0
acute renal failure,0
jaundice (unknown cause),0
atrial fibrillation,0
abdominal hernia,0
disorders resulting from impaired renal tubular function,0
unspecified intestinal parasitism,0
heart failure/pulmonary odema,0
nerve root and plexus disorders,0
occlusion and stenosis of cerebral arteries notcerebral infarction,0
toxic effect of metals,0
nonspecific lymphadenitis,0
cystic kidney disease,0
polycystic ovaries/polycystic ovarian syndrome,0
procreative management,0
reported occurrences of cancer,0
soft tissue disorders in diseases classified elsewhere,0
thyroid problem (not cancer),0
maternal care for known or suspected malpresentation of fetus,0
sciatica,0
inflammatory bowel disease,0
gestational hypertension/pre-eclampsia,0
dystonia,0
haemorrhoids,0
granulomatous disorders of skin and subcutaneous tissue,0
labyrinthitis,0
disorders of tooth development and eruption,0
retinal detachments and breaks,0
tuberculosis of nervous system,0
spinal osteochondrosis,0
myasthenia gravis,0
diseases of salivary glands,0
status asthmaticus,0
uterine fibroids,0
other coagulation defects,0
inflammatory polyneuropathy,0
inflammatory disease of uterus except cervix,0
chronic diseases of tonsils and adenoids,0
pericarditis,0
encephalocele,0
atrophic disorders of skin,0
fracture finger,0
"seen a psychiatrist for nerves, anxiety, tension or depression",0
"pleural effusion, not elsewhere classified",0
fracture of spine level unspecified,0
melanoma in situ,0
scoliosis,0
number of unenthusiastic/disinterested episodes,0
toxic effect of organic solvents,0
burns and corrosions of multiple body regions,0
urinary tract infection/kidney infection,0
supervision of high risk pregnancy,0
congenital malformations of breast,0
carcinoma in situ of other and unspecified sites,0
carcinoma in situ of other and unspecified genital organs,0
hypofunction and other disorders of pituitary gland,0
hypothermia,0
mental and behavioural disorders due to use of volatile solvents,0
asbestosis,0
abscess of anal and rectal regions,0
gynecomastia,0
fibroblastic disorders,0
other diseases of intestine,0
typhus fever,0
injury of other intrathoracic organs,0
diseases of spleen,0
unspecified fall,0
sequelae of injuries of upper limb,0
gastritis/gastric erosions,0
complications following infusion transfusion and therapeutic injection,0
gall bladder disease,0
obstructed labour due to maternal pelvic abnormality,0
lymphoma,0
abnormality of glycoprotein metabolism,0
type 2 diabetes,0
abnormal findings in specimens from respiratory organs and thorax,0
pilonidal cyst,0
congenital septal defect,0
type 1 diabetes,0
polydactyly,0
paroxysmal tachycardia,0
mood swings,0
portal vein thrombosis,0
viral warts,0
benign neuroma,0
artificial opening status,0
congenital ichthyosis,0
raynaud's phenomenon/disease,0
vascular disorders of intestine,0
liver/biliary/pancreas problem,0
malignant neoplasm of rectosigmoid junction,0
hepatitis,0
"dislocation, sprain and strain of joints and ligaments of knee",0
benign breast lump,0
hepatitis a,0
benign neoplasm of major salivary glands,0
other benign neoplasms of uterus,0
"redundant prepuce, phimosis and paraphimosis",0
other disorders of conjunctiva,0
heart/cardiac problem,0
other joint disorder,0
other cardiac arrhythmias,0
other disorders of tympanic membrane,0
congenital malformations of aortic and mitral valves,0
non-hodgkins lymphoma,0
infectious mononucleosis / glandular fever / epstein barr virus (ebv),0
injury of muscle and tendon at forearm level,0
juvenile arthritis,0
senile cataract,0
skin changes due to chronic exposure to nonionizing radiation,0
injury of blood vessels at wrist and hand level,0
unspecified lump in breast,0
erysipeloid,0
spondylosis,0
postpolio syndrome,0
chronic renal failure,0
angina,0
agranulocytosis,0
"long-standing illness, disability or infirmity",0
other aneurysm,0
vitiligo,0
other disorders of bladder,0
osteopenia,0
wheeze or whistling in the chest in last year,0
rheumatic fever with heart involvement,0
abnormal findings in specimens from male genital organs,0
relative age of first facial hair,0
"complications of the puerperium, not elsewhere classified",1
osteomyelitis,1
malignant melanoma,1
nephrotic syndrome,1
anal problem,1
other disorders of bone density and structure,1
other neurological problem,1
other disorders of male genital organs,1
abnormal serum enzyme levels,1
fractured/broken bones in last 5 years,1
